filename,label
0001.png,3
0002.png,3
0003.png,3
0004.png,1
0005.png,5
0006.png,1
0007.png,2
0008.png,3
0009.png,5
0010.png,2
0011.png,2
0012.png,3
0013.png,2
0014.png,1
0015.png,5
0016.png,3
0017.png,5
0018.png,1
0019.png,5
0020.png,5
0021.png,5
0022.png,3
0023.png,3
0024.png,1
0025.png,1
0026.png,5
0027.png,2
0028.png,1
0029.png,3
0030.png,3
0031.png,1
0032.png,1
0033.png,3
0034.png,1
0035.png,3
0036.png,5
0037.png,5
0038.png,3
0039.png,3
0040.png,1
0041.png,1
0042.png,3
0043.png,3
0044.png,3
0045.png,3
0046.png,1
0047.png,3
0048.png,3
0049.png,3
0050.png,3
0051.png,5
0052.png,1
0053.png,3
0054.png,3
0055.png,1
0056.png,2
0057.png,3
0058.png,3
0059.png,3
0060.png,5
0061.png,1
0062.png,1
0063.png,3
0064.png,5
0065.png,3
0066.png,3
0067.png,2
0068.png,3
0069.png,5
0070.png,5
0071.png,3
0072.png,4
0073.png,1
0074.png,1
0075.png,5
0076.png,2
0077.png,5
0078.png,3
0079.png,1
0080.png,2
0081.png,5
0082.png,3
0083.png,5
0084.png,5
0085.png,3
0086.png,1
0087.png,5
0088.png,1
0089.png,1
0090.png,1
0091.png,3
0092.png,3
0093.png,4
0094.png,3
0095.png,2
0096.png,1
0097.png,3
0098.png,5
0099.png,5
0100.png,1
0101.png,2
0102.png,3
0103.png,3
0104.png,3
0105.png,1
0106.png,1
0107.png,1
0108.png,5
0109.png,2
0110.png,5
0111.png,2
0112.png,1
0113.png,1
0114.png,1
0115.png,3
0116.png,5
0117.png,5
0118.png,1
0119.png,1
0120.png,2
0121.png,3
0122.png,3
0123.png,2
0124.png,3
0125.png,1
0126.png,1
0127.png,5
0128.png,2
0129.png,3
0130.png,2
0131.png,3
0132.png,3
0133.png,3
0134.png,2
0135.png,1
0136.png,3
0137.png,1
0138.png,1
0139.png,1
0140.png,1
0141.png,2
0142.png,1
0143.png,3
0144.png,1
0145.png,3
0146.png,5
0147.png,3
0148.png,1
0149.png,5
0150.png,1
0151.png,1
0152.png,1
0153.png,3
0154.png,3
0155.png,3
0156.png,1
0157.png,5
0158.png,5
0159.png,5
0160.png,1
0161.png,1
0162.png,1
0163.png,5
0164.png,1
0165.png,3
0166.png,5
0167.png,3
0168.png,1
0169.png,1
0170.png,5
0171.png,4
0172.png,5
0173.png,1
0174.png,2
0175.png,2
0176.png,1
0177.png,1
0178.png,3
0179.png,1
0180.png,3
0181.png,5
0182.png,3
0183.png,5
0184.png,3
0185.png,5
0186.png,5
0187.png,1
0188.png,3
0189.png,1
0190.png,5
0191.png,1
0192.png,1
0193.png,5
0194.png,1
0195.png,1
0196.png,3
0197.png,1
0198.png,3
0199.png,3
0200.png,1
0201.png,1
0202.png,3
0203.png,1
0204.png,5
0205.png,1
0206.png,3
0207.png,1
0208.png,1
0209.png,1
0210.png,1
0211.png,3
0212.png,5
0213.png,5
0214.png,1
0215.png,3
0216.png,1
0217.png,1
0218.png,1
0219.png,1
0220.png,3
0221.png,3
0222.png,3
0223.png,3
0224.png,5
0225.png,5
0226.png,5
0227.png,1
0228.png,1
0229.png,1
0230.png,1
0231.png,1
0232.png,5
0233.png,2
0234.png,5
0235.png,5
0236.png,1
0237.png,3
0238.png,1
0239.png,3
0240.png,3
0241.png,1
0242.png,1
0243.png,1
0244.png,5
0245.png,5
0246.png,1
0247.png,3
0248.png,2
0249.png,3
0250.png,3
0251.png,5
0252.png,5
0253.png,5
0254.png,1
0255.png,4
0256.png,5
0257.png,5
0258.png,3
0259.png,1
0260.png,1
0261.png,3
0262.png,3
0263.png,2
0264.png,1
0265.png,3
0266.png,5
0267.png,1
0268.png,2
0269.png,3
0270.png,5
0271.png,5
0272.png,3
0273.png,3
0274.png,1
0275.png,1
0276.png,1
0277.png,1
0278.png,1
0279.png,3
0280.png,1
0281.png,1
0282.png,2
0283.png,5
0284.png,5
0285.png,1
0286.png,3
0287.png,3
0288.png,5
0289.png,2
0290.png,3
0291.png,5
0292.png,1
0293.png,1
0294.png,4
0295.png,3
0296.png,2
0297.png,3
0298.png,1
0299.png,2
0300.png,5
0301.png,1
0302.png,3
0303.png,2
0304.png,3
0305.png,1
0306.png,1
0307.png,3
0308.png,3
0309.png,3
0310.png,1
0311.png,3
0312.png,1
0313.png,3
0314.png,3
0315.png,1
0316.png,3
0317.png,3
0318.png,3
0319.png,1
0320.png,3
0321.png,3
0322.png,5
0323.png,3
0324.png,5
0325.png,5
0326.png,5
0327.png,5
0328.png,5
0329.png,3
0330.png,4
0331.png,5
0332.png,3
0333.png,3
0334.png,1
0335.png,5
0336.png,3
0337.png,1
0338.png,3
0339.png,5
0340.png,5
0341.png,5
0342.png,1
0343.png,3
0344.png,3
0345.png,1
0346.png,3
0347.png,3
0348.png,3
0349.png,2
0350.png,5
0351.png,1
0352.png,3
0353.png,1
0354.png,1
0355.png,3
0356.png,3
0357.png,3
0358.png,3
0359.png,3
0360.png,1
0361.png,1
0362.png,3
0363.png,3
0364.png,5
0365.png,1
0366.png,5
0367.png,3
0368.png,3
0369.png,1
0370.png,3
0371.png,4
0372.png,3
0373.png,3
0374.png,3
0375.png,1
0376.png,3
0377.png,3
0378.png,5
0379.png,1
0380.png,1
0381.png,3
0382.png,3
0383.png,3
0384.png,1
0385.png,1
0386.png,3
0387.png,1
0388.png,3
0389.png,4
0390.png,1
0391.png,1
0392.png,3
0393.png,1
0394.png,3
0395.png,3
0396.png,3
0397.png,4
0398.png,5
0399.png,3
0400.png,3
0401.png,3
0402.png,1
0403.png,1
0404.png,4
0405.png,1
0406.png,5
0407.png,1
0408.png,1
0409.png,5
0410.png,3
0411.png,5
0412.png,5
0413.png,5
0414.png,3
0415.png,3
0416.png,1
0417.png,1
0418.png,1
0419.png,3
0420.png,5
0421.png,3
0422.png,5
0423.png,5
0424.png,2
0425.png,3
0426.png,3
0427.png,3
0428.png,3
0429.png,3
0430.png,3
0431.png,5
0432.png,1
0433.png,3
0434.png,3
0435.png,5
0436.png,5
0437.png,3
0438.png,5
0439.png,1
0440.png,3
0441.png,1
0442.png,3
0443.png,5
0444.png,1
0445.png,5
0446.png,1
0447.png,3
0448.png,1
0449.png,3
0450.png,3
0451.png,5
0452.png,3
0453.png,5
0454.png,5
0455.png,1
0456.png,5
0457.png,1
0458.png,1
0459.png,5
0460.png,5
0461.png,5
0462.png,3
0463.png,5
0464.png,1
0465.png,3
0466.png,2
0467.png,2
0468.png,3
0469.png,5
0470.png,5
0471.png,1
0472.png,1
0473.png,1
0474.png,3
0475.png,5
0476.png,3
0477.png,5
0478.png,3
0479.png,1
0480.png,1
0481.png,3
0482.png,1
0483.png,5
0484.png,3
0485.png,3
0486.png,3
0487.png,1
0488.png,1
0489.png,5
0490.png,3
0491.png,3
0492.png,5
0493.png,3
0494.png,2
0495.png,3
0496.png,5
0497.png,1
0498.png,5
0499.png,3
0500.png,3
0501.png,1
0502.png,2
0503.png,5
0504.png,3
0505.png,3
0506.png,3
0507.png,3
0508.png,1
0509.png,3
0510.png,3
0511.png,5
0512.png,1
0513.png,3
0514.png,3
0515.png,1
0516.png,5
0517.png,3
0518.png,1
0519.png,1
0520.png,3
0521.png,5
0522.png,5
0523.png,2
0524.png,3
0525.png,1
0526.png,1
0527.png,1
0528.png,5
0529.png,5
0530.png,5
0531.png,5
0532.png,1
0533.png,5
0534.png,3
0535.png,3
0536.png,5
0537.png,3
0538.png,3
0539.png,3
0540.png,3
0541.png,5
0542.png,5
0543.png,5
0544.png,5
0545.png,1
0546.png,3
0547.png,5
0548.png,2
0549.png,5
0550.png,1
0551.png,5
0552.png,1
0553.png,1
0554.png,5
0555.png,5
0556.png,5
0557.png,3
0558.png,5
0559.png,3
0560.png,5
0561.png,5
0562.png,1
0563.png,1
0564.png,3
0565.png,1
0566.png,4
0567.png,5
0568.png,3
0569.png,1
0570.png,5
0571.png,5
0572.png,3
0573.png,3
0574.png,1
0575.png,5
0576.png,1
0577.png,5
0578.png,5
0579.png,1
0580.png,5
0581.png,3
0582.png,5
0583.png,1
0584.png,1
0585.png,1
0586.png,4
0587.png,3
0588.png,1
0589.png,3
0590.png,1
0591.png,1
0592.png,5
0593.png,1
0594.png,5
0595.png,1
0596.png,5
0597.png,1
0598.png,1
0599.png,3
0600.png,5
0601.png,5
0602.png,1
0603.png,1
0604.png,4
0605.png,3
0606.png,3
0607.png,3
0608.png,1
0609.png,1
0610.png,1
0611.png,3
0612.png,1
0613.png,4
0614.png,3
0615.png,3
0616.png,5
0617.png,5
0618.png,3
0619.png,3
0620.png,5
0621.png,5
0622.png,1
0623.png,1
0624.png,1
0625.png,1
0626.png,1
0627.png,3
0628.png,1
0629.png,1
0630.png,1
0631.png,1
0632.png,1
0633.png,4
0634.png,1
0635.png,3
0636.png,5
0637.png,1
0638.png,1
0639.png,5
0640.png,3
0641.png,5
0642.png,5
0643.png,5
0644.png,5
0645.png,3
0646.png,5
0647.png,3
0648.png,5
0649.png,5
0650.png,1
0651.png,1
0652.png,3
0653.png,3
0654.png,3
0655.png,4
0656.png,3
0657.png,4
0658.png,3
0659.png,1
0660.png,5
0661.png,3
0662.png,5
0663.png,2
0664.png,1
0665.png,3
0666.png,3
0667.png,3
0668.png,5
0669.png,1
0670.png,2
0671.png,3
0672.png,3
0673.png,5
0674.png,1
0675.png,1
0676.png,3
0677.png,5
0678.png,1
0679.png,1
0680.png,5
0681.png,3
0682.png,2
0683.png,4
0684.png,4
0685.png,3
0686.png,1
0687.png,1
0688.png,1
0689.png,2
0690.png,3
0691.png,5
0692.png,5
0693.png,3
0694.png,3
0695.png,5
0696.png,5
0697.png,1
0698.png,3
0699.png,4
0700.png,2
0701.png,4
0702.png,3
0703.png,1
0704.png,5
0705.png,1
0706.png,1
0707.png,5
0708.png,1
0709.png,1
0710.png,1
0711.png,1
0712.png,5
0713.png,1
0714.png,3
0715.png,3
0716.png,1
0717.png,3
0718.png,5
0719.png,4
0720.png,2
0721.png,2
0722.png,1
0723.png,5
0724.png,3
0725.png,1
0726.png,1
0727.png,1
0728.png,2
0729.png,3
0730.png,1
0731.png,5
0732.png,5
0733.png,3
0734.png,3
0735.png,1
0736.png,5
0737.png,1
0738.png,5
0739.png,1
0740.png,1
0741.png,1
0742.png,1
0743.png,1
0744.png,5
0745.png,3
0746.png,3
0747.png,3
0748.png,3
0749.png,1
0750.png,3
0751.png,1
